id,class
c80554816835636.jpg,3
c46796264909402.jpg,3
c47383549238897.jpg,3
c57248364889023.jpg,3
c275799002650769.jpg,3
c759559357633537.jpg,3
c736259496651294.jpg,3
c256722045462303.jpg,3
c532988512260823.jpg,3
c767157312116051.jpg,3
c697242587256049.jpg,3
c19692498434000.jpg,3
c23041135339375.jpg,3
c831827615141031.jpg,3
c82792227155841.jpg,3
c105559732019975.jpg,3
c653663312527454.jpg,3
c711316433088336.jpg,3
c670907912760383.jpg,3
c269916177989761.jpg,1
c72726551978488.jpg,3
c762783224466840.jpg,3
c305236814043648.jpg,3
c481765902216534.jpg,3
c726254982512252.jpg,3
c500877506358835.jpg,1
c226495723864153.jpg,3
c615892354328144.jpg,3
c16902871275205.jpg,3
c496519089664369.jpg,3
c36894613875348.jpg,3
c677321944989876.jpg,2
c666668301667444.jpg,3
c86686907078832.jpg,3
c121645416147923.jpg,3
c206387322647499.jpg,1
c69575904122409.jpg,3
c14143850579648.jpg,3
c829931346766766.jpg,3
c587266134193227.jpg,3
c11220214524280.jpg,3
c1983194928366.jpg,3
c353553063965108.jpg,3
c100205781480979.jpg,3
c251186855695036.jpg,3
c331029589343238.jpg,2
c813999828817077.jpg,3
c17254032297864.jpg,3
c6368130372102.jpg,3
c20064613730139.jpg,3
c440754068267498.jpg,3
c137284560812206.jpg,3
c52147629574621.jpg,3
c30781014363219.jpg,3
c859379368716882.jpg,3
c683296555947755.jpg,1
c638633991368815.jpg,3
c359358603871312.jpg,3
c53085550357819.jpg,1
c280989264519779.jpg,3
c703056203489120.jpg,3
c31074339903880.jpg,3
c767064300042206.jpg,3
c148041375953289.jpg,3
c752665827362828.jpg,3
c169577935621482.jpg,3
c829582552732503.jpg,1
c849006943461538.jpg,3
c778831088158499.jpg,1
c36151268739353.jpg,3
c302492584447682.jpg,1
c651287629925739.jpg,3
c709028128270889.jpg,3
c69138333549294.jpg,3
c238676412933635.jpg,3
c755355844567204.jpg,3
c34724918871322.jpg,3
c345581766483573.jpg,3
c88686156266138.jpg,3
c18215867551253.jpg,3
c90108954129447.jpg,3
c665992300057777.jpg,3
c758312695543403.jpg,2
c825212135262536.jpg,1
c658559942371616.jpg,1
c424727645981312.jpg,3
c40543979688646.jpg,3
c774462988730628.jpg,3
c721398553526427.jpg,3
c432193231074387.jpg,3
c323623127787090.jpg,1
c809944651428083.jpg,3
c658623318758617.jpg,3
c247518579520808.jpg,3
c575809383339369.jpg,3
c52138567921753.jpg,3
c234664433891256.jpg,3
c290073204531646.jpg,3
c365247677445553.jpg,3
c86125962604035.jpg,3
c744683320215352.jpg,3
c362884498925035.jpg,3
c179347856556316.jpg,3
c87490203072354.jpg,3
c69151244144129.jpg,3
c689338664771732.jpg,3
c798503222632336.jpg,3
c82357805407478.jpg,3
c557163638887970.jpg,3
c44266767825504.jpg,3
c753364008827124.jpg,2
c451904752087185.jpg,3
c87422768657018.jpg,3
c295085470716900.jpg,3
c205375176463895.jpg,3
c783397610847273.jpg,3
c67677411811021.jpg,3
c4316878593684.jpg,3
c61688461287972.jpg,3
c688754308077374.jpg,3
c237434233842936.jpg,3
c226212330722673.jpg,3
c269286329878988.jpg,3
c443582267093740.jpg,3
c860515169449222.jpg,3
c501431779498534.jpg,2
c836655574038652.jpg,3
c143305303399550.jpg,3
c585048005091853.jpg,3
c899421161441748.jpg,3
c16247696251028.jpg,3
c509496346895418.jpg,3
c62050335780057.jpg,3
c298202738044464.jpg,3
c523662779561351.jpg,3
c473418949924377.jpg,3
c405811404741513.jpg,1
c380595007865127.jpg,3
c16266167146452.jpg,3
c453013231896202.jpg,3
c105318890497697.jpg,3
c53923330361352.jpg,3
c242952635889973.jpg,3
c190134399310161.jpg,3
c343711166085780.jpg,3
c158767624053784.jpg,3
c204338262975221.jpg,3
c803456664677895.jpg,3
c36481183156142.jpg,3
c371791839772300.jpg,3
c443398319155795.jpg,1
c61126322583779.jpg,1
c769429188557461.jpg,3
c868599449739823.jpg,3
c84216892021730.jpg,3
c441893166368791.jpg,3
c88022470785815.jpg,3
c51387839293856.jpg,3
c1595373578690.jpg,3
c38888614696087.jpg,3
c340994034110209.jpg,3
c360376540648241.jpg,3
c775387455673594.jpg,1
c64151480793878.jpg,3
c100561774942763.jpg,3
c1187918958017.jpg,3
c644043608731078.jpg,3
c540659724296221.jpg,2
c124157985644342.jpg,3
c501156194635393.jpg,1
c557087230649035.jpg,3
c815043263977106.jpg,3
c544027720690916.jpg,2
c35522610587127.jpg,3
c184453551931545.jpg,2
c84301004782052.jpg,3
c691303735099969.jpg,3
c810186939940141.jpg,3
c605641677338326.jpg,3
c718598789987915.jpg,3
c39096121021761.jpg,3
c35164836017323.jpg,3
c897779591716188.jpg,1
c797735885274782.jpg,3
c236403886773043.jpg,3
c265966600032176.jpg,3
c521898290611209.jpg,2
c8639248193029.jpg,3
c435455641048745.jpg,3
c301835846726671.jpg,1
c497440889395.jpg,3
c67528806022285.jpg,3
c212405926380297.jpg,1
c737756970893769.jpg,3
c468819237994051.jpg,3
c679127392974706.jpg,3
c303924199047515.jpg,2
c793072470148.jpg,1
c365734713932889.jpg,3
c52302525504568.jpg,1
c72575829589469.jpg,3
c83080729258368.jpg,1
c388284419888810.jpg,3
c611348003162539.jpg,3
c642668085623025.jpg,3
c481549500094594.jpg,3
c773781184750790.jpg,3
c846566439511764.jpg,3
c61795941044198.jpg,3
c624562940068940.jpg,3
c33006912121979.jpg,3
c20120569415497.jpg,3
c34584278365440.jpg,3
c291025060540712.jpg,3
c856427910733332.jpg,3
c444622953936332.jpg,3
c155015401556046.jpg,1
c476636098550753.jpg,3
c747685153121076.jpg,3
c792697119083537.jpg,1
c484582021736351.jpg,3
c751912795516783.jpg,1
c638803921892697.jpg,3
c342497226359089.jpg,3
c664032525474786.jpg,3
c559975322126226.jpg,3
c71616772748560.jpg,3
c287885389296405.jpg,3
c49717612005450.jpg,3
c636184715638503.jpg,3
c695649406159831.jpg,3
c386355833623033.jpg,2
c791416910580076.jpg,1
c734138137427174.jpg,3
c543413156754875.jpg,3
c11851431630519.jpg,1
c233798107716741.jpg,3
c888072221672888.jpg,3
c742762639664634.jpg,2
c875628777859640.jpg,3
c414268959876991.jpg,3
c325595685261349.jpg,3
c565276312381773.jpg,2
c39639565184877.jpg,3
c293918081288557.jpg,3
c775131928416432.jpg,3
c37648039189429.jpg,2
c808684696820873.jpg,3
c39239341670946.jpg,3
c717346178479058.jpg,3
c151664486373709.jpg,2
c273226029022.jpg,3
c77188530648943.jpg,3
c564746096384043.jpg,3
c70706451048418.jpg,3
c205272585875870.jpg,3
c825315218837196.jpg,3
c608408646114772.jpg,3
c832203834311376.jpg,3
c178863301496615.jpg,3
c852451097619173.jpg,1
c57637048299498.jpg,3
c845396289223353.jpg,3
c272159706067697.jpg,3
c648877334477962.jpg,3
c320623081050372.jpg,3
c6239342170872.jpg,3
c53322930022643.jpg,3
c265713111677900.jpg,3
c363373660517573.jpg,3
c527186796743360.jpg,3
c737474036228527.jpg,3
c322659763999668.jpg,3
c572793400411074.jpg,3
c120661287747267.jpg,3
c35154217036199.jpg,3
c374964214973542.jpg,1
c44787558683847.jpg,3
c110986146646563.jpg,3
c567028194612334.jpg,3
c838212355735640.jpg,3
c30507616235327.jpg,3
c196813209945474.jpg,1
c372816014994923.jpg,3
c609545021692157.jpg,3
c1696788426548.jpg,1
c18425645243603.jpg,3
c36584719923859.jpg,3
c739354418217484.jpg,3
c140406469434206.jpg,3
c34054041190872.jpg,3
c456956919519275.jpg,3
c898099126126896.jpg,3
c555463507349830.jpg,3
c651397693969464.jpg,3
c782071992182304.jpg,3
c889234708254787.jpg,3
c736523705915478.jpg,3
c768529876175826.jpg,3
c85177647212225.jpg,3
c422638058697559.jpg,2
c622343414760858.jpg,3
c373229442084998.jpg,3
c16555360789255.jpg,3
c795279681459500.jpg,2
c136985788447597.jpg,3
c840335981755198.jpg,3
c16107215948318.jpg,3
c536419761165700.jpg,3
c209891019773229.jpg,3
c408036508627661.jpg,3
c64506759617004.jpg,1
c147137520649361.jpg,3
c17318435760353.jpg,3
c568079274551202.jpg,3
c67924195233528.jpg,3
c278817381646631.jpg,2
c855892000224521.jpg,3
c19940470774667.jpg,3
c66788660798739.jpg,3
c378174514131719.jpg,3
c365428957299751.jpg,3
c81816925017918.jpg,3
c380209386290957.jpg,1
c553393539680311.jpg,3
c412932578210948.jpg,3
c574671776127452.jpg,3
c780917633565772.jpg,3
c113455544987830.jpg,2
c13212949035982.jpg,3
c163447099525015.jpg,3
c803498102784892.jpg,3
c701961287820279.jpg,3
c4308292754358.jpg,3
c63072685759132.jpg,3
c7032054249282.jpg,3
c290043444314416.jpg,3
c3462356093969.jpg,1
c85695378186357.jpg,3
c244209837788270.jpg,3
c834045474438924.jpg,3
c857993931612478.jpg,3
c130141172813115.jpg,3
c6013369313719.jpg,3
c688138167177544.jpg,3
c600016007692603.jpg,3
c697818468979891.jpg,3
c61375948059547.jpg,3
c120206630529453.jpg,3
c23649590274577.jpg,3
c454347227420021.jpg,3
c44599206975124.jpg,2
c556021658947247.jpg,3
c55973104699493.jpg,3
c108272083129488.jpg,3
c478669807091527.jpg,3
c580829609959505.jpg,3
c231183422947244.jpg,3
c877314750235357.jpg,1
c58276871882040.jpg,3
c366401884110190.jpg,3
c763023654279644.jpg,3
c3505362156384.jpg,3
c785488989626000.jpg,1
c544113721298983.jpg,1
c466384123941652.jpg,3
c828798922977676.jpg,3
c56557621797328.jpg,3
c866971633980850.jpg,3
c629433950371798.jpg,3
c18196444471030.jpg,3
c295586101925160.jpg,2
c630426226255241.jpg,3
c7019488466250.jpg,3
c67962551081031.jpg,3
c674865445894810.jpg,3
c886409522618671.jpg,3
c470307225251297.jpg,3
c415958733292172.jpg,3
c580328846427188.jpg,3
c103365739350489.jpg,3
c568315684535218.jpg,3
c321434257414310.jpg,3
c774847008834298.jpg,3
c45875157656734.jpg,3
c531474944115945.jpg,3
c402534156120739.jpg,3
c78742603835570.jpg,3
c362297530794644.jpg,3
c34853092792363.jpg,3
c542714002186702.jpg,3
c2322271030778.jpg,3
c741231872481357.jpg,3
c62509576785365.jpg,2
c227193912787980.jpg,3
c785445547822804.jpg,3
c380241498692097.jpg,3
c424025391224004.jpg,3
c314427530942931.jpg,3
c731369918311645.jpg,3
c509853715557023.jpg,3
c65088988824256.jpg,3
c409391277052397.jpg,3
c813466158435421.jpg,3
c59989775295117.jpg,3
c729665117396311.jpg,3
c45324879959922.jpg,2
c513272092895306.jpg,3
c50409235275174.jpg,3
c557898406374849.jpg,3
c844866467790896.jpg,3
c811879366947313.jpg,2
c550634961541059.jpg,3
c451089336654020.jpg,3
c70453889169326.jpg,3
c687755801221659.jpg,3
c1624048235177.jpg,3
c674934710792375.jpg,3
c85778259676051.jpg,3
c106561036755715.jpg,3
c134134409382075.jpg,3
c6766167863997.jpg,3
c543914594593824.jpg,3
c204827277937732.jpg,3
c71956308696479.jpg,3
c239357094213031.jpg,3
c289159996892469.jpg,3
c156397375350640.jpg,3
c24883875627820.jpg,3
c269715699557500.jpg,3
c193333233387476.jpg,3
c202073365568867.jpg,3
c837323498992557.jpg,3
c75740500153353.jpg,3
c140095386682294.jpg,3
c82266667939996.jpg,3
c108644704257394.jpg,3
c768718661799276.jpg,2
c764567620238095.jpg,1
c59875640146507.jpg,3
c1137626947962.jpg,3
c693687467491779.jpg,3
c73592944514285.jpg,3
c213008092130336.jpg,3
c740793515970547.jpg,3
c172778968261199.jpg,1
c491183001529638.jpg,3
c73993848059201.jpg,3
c5487300011224.jpg,3
c231516980523939.jpg,3
c71078137248536.jpg,3
c899654839275485.jpg,3
c87253428514663.jpg,3
c639015587519991.jpg,3
c51569043646387.jpg,3
c504112533499499.jpg,3
c118619558643685.jpg,2
c19845406214975.jpg,3
c66518374056748.jpg,3
c899637929565147.jpg,3
c33447786458790.jpg,1
c327378019562166.jpg,3
c584286110148408.jpg,1
c730783452890336.jpg,3
c831299781858890.jpg,2
c58018778020127.jpg,3
c706568764432397.jpg,3
c527857516112211.jpg,3
c229021944378853.jpg,3
c859293839231267.jpg,3
c809333312246318.jpg,3
c829794694967844.jpg,3
c844795120715982.jpg,3
c502567508080874.jpg,2
c52009399493028.jpg,3
c862497449522771.jpg,3
c14558801213947.jpg,3
c890079036246962.jpg,3
c413613798310465.jpg,3
c471253608012111.jpg,3
c638343143550842.jpg,3
c223864765980240.jpg,3
c440662058158426.jpg,3
c68314120354212.jpg,3
c476103638845.jpg,1
c511798359814534.jpg,3
c448435648270759.jpg,3
c879474171510619.jpg,3
c901478197028985.jpg,3
c40853256862526.jpg,1
c736448732894394.jpg,3
c898218903665544.jpg,3
c814574019077792.jpg,1
c330998268612334.jpg,3
c144387125739908.jpg,3
c180375975513314.jpg,3
c17826545335493.jpg,3
c281579211549681.jpg,3
c651634754217504.jpg,3
c276183444124136.jpg,3
c234578890638035.jpg,3
c734044867095644.jpg,1
c724867761041387.jpg,1
c381701458656528.jpg,3
c534501724757537.jpg,3
c754885318351288.jpg,3
c17463425790121.jpg,3
c464608318074018.jpg,3
c22740107694129.jpg,3
c469342067035830.jpg,3
c553073880962243.jpg,3
c79481713491767.jpg,1
c324224296036678.jpg,2
c719819551835842.jpg,3
c337464999188355.jpg,3
c610257397527769.jpg,3
c2314444141422.jpg,3
c1891798114953.jpg,1
c678342820851801.jpg,3
c727026371153656.jpg,3
c468061760860403.jpg,3
c155082746918662.jpg,3
c642824379780892.jpg,3
c667352154374104.jpg,3
c801725766339499.jpg,3
c539727840813916.jpg,2
c613536726516936.jpg,3
c68035896764912.jpg,3
c32870878895865.jpg,3
c28692212970414.jpg,3
c889376576316080.jpg,3
c25004176468831.jpg,3
c307545966012635.jpg,2
c355778528283727.jpg,3
c493486612092440.jpg,3
c378665020741248.jpg,3
c33958423049849.jpg,3
c47354748464649.jpg,2
c28420131982993.jpg,3
c71842231459869.jpg,3
c18239155241797.jpg,3
c687723009386321.jpg,3
c175025090574241.jpg,3
c5244734862442.jpg,3
c312876603985348.jpg,3
c440155345369622.jpg,3
c13324665124776.jpg,3
c330256519390073.jpg,2
c563159280842206.jpg,3
c66091449170160.jpg,3
c629262440747529.jpg,3
c637585737746159.jpg,3
c271171108642181.jpg,3
c451906074557515.jpg,3
c7257699818777.jpg,3
c556412185650898.jpg,2
c808866745323398.jpg,3
c134203957375788.jpg,1
c7212736119802.jpg,3
c480531538892017.jpg,3
c559131992350287.jpg,3
c447116715097641.jpg,3
c511669817658388.jpg,3
c847872563756525.jpg,3
c431505467210062.jpg,3
c866669999849457.jpg,3
c43728017730776.jpg,3
c219368023241863.jpg,3
c161686820170477.jpg,3
c59646567064886.jpg,2
c456988343710009.jpg,3
c251145229826175.jpg,2
c673605477366429.jpg,3
c460488159260374.jpg,3
c7469711485104.jpg,3
c583231669493127.jpg,3
c142459168789326.jpg,3
c472913090352806.jpg,3
c852906161050635.jpg,3
c199551931119.jpg,3
c61811543453334.jpg,3
c338314111629193.jpg,3
c555984527627706.jpg,3
c826815286483981.jpg,3
c62288012046781.jpg,3
c470146531051105.jpg,3
c705919468846891.jpg,3
c81314633362425.jpg,3
c378179304848683.jpg,3
c168306995950171.jpg,3
c780165190560614.jpg,3
c868977942826874.jpg,3
c721351678938497.jpg,3
c706444327300.jpg,3
c470002233741749.jpg,1
c854087095523797.jpg,3
c779921948583535.jpg,3
c304897413364546.jpg,3
c366351211160401.jpg,1
c412793842047835.jpg,3
c551883813836436.jpg,2
c61733673794059.jpg,3
c302101953872606.jpg,3
c802425773933741.jpg,3
c85162461777972.jpg,3
c753622324172072.jpg,2
c56452769696239.jpg,3
c881867514463496.jpg,3
c65395716488666.jpg,3
c50781884545566.jpg,3
c8992743418570.jpg,3
c555408153130989.jpg,3
c492623351633233.jpg,3
c617743029140368.jpg,3
c207348900539238.jpg,3
c799503021774386.jpg,3
c570373977134542.jpg,3
c465991931255900.jpg,3
c843697957899275.jpg,3
c471458337390305.jpg,3
c69990184259645.jpg,2
c434205421121431.jpg,1
c568491568244050.jpg,3
c36196737458739.jpg,3
c676454985995009.jpg,3
c185642477824481.jpg,1
c707006514518532.jpg,3
c714251615444677.jpg,3
c133938938430676.jpg,3
c203982561219911.jpg,1
c607914280674861.jpg,3
c277023662321269.jpg,3
c269617434034837.jpg,3
c632754783961494.jpg,3
c452968726112999.jpg,3
c810016246285630.jpg,3
c685293530612583.jpg,3
c667742467139749.jpg,3
c697449086831067.jpg,3
c676957750198512.jpg,3
c311766934422965.jpg,3
c85827986358710.jpg,3
c558511602396993.jpg,3
c701563179254592.jpg,3
c681122382146244.jpg,3
c380173241324072.jpg,3
c354443780093328.jpg,3
c16692106673845.jpg,3
c290433836429457.jpg,3
c56838760475828.jpg,1
c249963184223985.jpg,3
c308538435871528.jpg,3
c443254322133528.jpg,3
c351939598792479.jpg,3
c75928461058873.jpg,3
c541694933075550.jpg,3
c259101544449426.jpg,3
c733443864939144.jpg,3
c518468503747676.jpg,2
c321218273416508.jpg,3
c12377861135809.jpg,3
c521005142016004.jpg,3
c137177986138150.jpg,3
c81274175458316.jpg,3
c854372508198513.jpg,3
c1894457977456.jpg,3
c156384444657338.jpg,3
c451945527745895.jpg,3
c564636540942025.jpg,3
c211323681538071.jpg,3
c889315694844147.jpg,3
c288758317641637.jpg,3
c366422117380922.jpg,3
c640067662556282.jpg,3
c2607678572918.jpg,3
c56387181592490.jpg,3
c196148959326055.jpg,3
c688783251927189.jpg,3
c5027224942121.jpg,3
c45072842862748.jpg,3
c885476710357557.jpg,2
c53924502052049.jpg,3
c175813945649013.jpg,3
c704751777228795.jpg,3
c407957397917942.jpg,3
c235855111599033.jpg,3
c546445179184621.jpg,3
c798671529259280.jpg,3
c39182860623643.jpg,3
c329366430966368.jpg,3
c514506302452685.jpg,3
c562008441689597.jpg,3
c835109012859640.jpg,3
c342709566135169.jpg,3
c18248700672210.jpg,2
c624663299249760.jpg,3
c351067398160499.jpg,3
c119513388311437.jpg,3
c101763104795383.jpg,2
c512565752029808.jpg,3
c77404148031047.jpg,3
c854858707718891.jpg,3
c442667194437844.jpg,3
c589022348433601.jpg,3
c368293718890144.jpg,3
c672182584753072.jpg,3
c44157285838140.jpg,3
c697605773634586.jpg,3
c595114683197326.jpg,1
c798427267742551.jpg,3
c503945231833874.jpg,3
c405115170513.jpg,3
c540779259355639.jpg,3
c609019859653952.jpg,3
c404016238367530.jpg,2
c771248227728430.jpg,3
c436787988248183.jpg,3
c134549373797675.jpg,3
c653886400752608.jpg,3
c638601370397804.jpg,3
c845788045388929.jpg,2
c6320885787507.jpg,3
c800335854666186.jpg,3
c45572987028538.jpg,3
c872479380575177.jpg,3
c66602964918148.jpg,3
c268805469148460.jpg,3
c184344408322011.jpg,3
c79964679253477.jpg,3
c854124468613620.jpg,3
c531017894956970.jpg,3
c798685145949564.jpg,3
c807966394418420.jpg,3
c744635971180387.jpg,3
c2121597124752.jpg,3
c26756102482292.jpg,3
c43884423461192.jpg,3
c443962181121631.jpg,3
c848329705714785.jpg,2
c23841332721329.jpg,3
c54139884351882.jpg,3
c434812612028809.jpg,3
c26953983866159.jpg,3
c519821433864104.jpg,3
c311375195536582.jpg,3
c860638028987165.jpg,3
c53737473077083.jpg,3
c142756340138312.jpg,3
c518206848861999.jpg,3
c11732477319043.jpg,3
c485041498161028.jpg,3
c752211594636127.jpg,3
c548081264259826.jpg,3
c177606247379187.jpg,3
c6257095010367.jpg,3
c628276133830238.jpg,1
c792221438339523.jpg,3
c42653256068350.jpg,3
c469367701751142.jpg,3
c161734500798581.jpg,3
c73233961044846.jpg,3
c203939243949148.jpg,3
c812533142516974.jpg,3
c274899331999474.jpg,3
c227995932093226.jpg,2
c646612654049902.jpg,3
c293016905741679.jpg,2
c311916936471551.jpg,3
c61064835316350.jpg,3
c681746531732649.jpg,1
c776572182179972.jpg,3
c893106065773373.jpg,1
c655162859430428.jpg,3
c829348991018002.jpg,3
c817872589475062.jpg,3
c369659774330705.jpg,3
c319451886687012.jpg,3
c374164350047888.jpg,3
c27505344027492.jpg,3
c606906094725114.jpg,3
c706051667418225.jpg,1
c787401996441597.jpg,3
c778568050834626.jpg,3
c21340128420834.jpg,3
c44078013387570.jpg,3
c552337628959623.jpg,3
c733006530510576.jpg,3
c7520262884315.jpg,3
c444719448515106.jpg,3
c49058123548710.jpg,3
c668732821428805.jpg,1
c300926636355077.jpg,3
c586081169885440.jpg,3
c813102193250248.jpg,3
c360895650164847.jpg,3
c297533644843574.jpg,2
c31878199213807.jpg,3
c713286804249868.jpg,3
c68142878447616.jpg,3
c267773510532792.jpg,3
c335986497078701.jpg,3
c788431276541116.jpg,1
c817022921430322.jpg,3
c252796849274298.jpg,3
c319567573322292.jpg,3
c526135605664417.jpg,3
c793254717649535.jpg,3
c887487994122148.jpg,3
c502375633091114.jpg,3
c86003367707147.jpg,3
c4775275118059.jpg,3
c13342241187919.jpg,3
c279401771287394.jpg,2
c275103971895303.jpg,2
c4446981966441.jpg,2
c502181561618568.jpg,3
c621705390137164.jpg,3
c214915956312744.jpg,2
c853669148628343.jpg,3
c18832695154047.jpg,3
c287847422679125.jpg,3
c472841767839633.jpg,3
c21778982566617.jpg,3
c298209889959843.jpg,3
c736409343583114.jpg,3
c724435256073002.jpg,3
c711235884781211.jpg,3
c429092624952598.jpg,3
c743205687326086.jpg,2
c167952354575413.jpg,3
c4123447312245.jpg,3
c510287362971644.jpg,3
c900337416919846.jpg,3
c678221502748004.jpg,3
c583655001071120.jpg,3
c787417324360109.jpg,3
c131661987952362.jpg,3
c381566474257406.jpg,3
c371147530070144.jpg,3
c55592012324654.jpg,3
c55925764421767.jpg,3
c713359287794381.jpg,3
c888171437272950.jpg,3
c265363531345351.jpg,3
c338951003139734.jpg,3
c321174236179199.jpg,3
c171578875949848.jpg,3
c66182841548866.jpg,3
c395388011383481.jpg,1
c144672605454367.jpg,3
c574945052518197.jpg,3
c687426670560620.jpg,3
c557888832490081.jpg,3
c822577807378948.jpg,3
c528914295559.jpg,3
c790957483037147.jpg,3
c362662578529611.jpg,3
c299808994210516.jpg,3
c76365839049686.jpg,3
c62487734902526.jpg,1
c894893027982375.jpg,3
c855026796632248.jpg,3
c578396726870048.jpg,3
c794689700972860.jpg,3
c155075728230850.jpg,3
c255182732757329.jpg,3
c283791377453426.jpg,3
c365749020824751.jpg,3
c576457617164735.jpg,3
c526436674172985.jpg,3
c536393895015825.jpg,3
c219683577665952.jpg,3
c526225209688655.jpg,3
c616737387753143.jpg,3
c34930378758185.jpg,3
c25016432237635.jpg,3
c719157687025415.jpg,2
c370181839841277.jpg,3
c272514981252192.jpg,3
c369385101256091.jpg,3
c708842340952985.jpg,3
c214304368556785.jpg,3
c63704742515665.jpg,3
c12781157765731.jpg,3
c539936988635079.jpg,3
c206552127033843.jpg,3
c2724219672888.jpg,2
c125023866614211.jpg,3
c469402477628632.jpg,3
c142722753166854.jpg,3
c405621609982046.jpg,3
c372923766481271.jpg,2
c893594913027004.jpg,3
c194891851852303.jpg,2
c247404316216586.jpg,3
c320121447125304.jpg,3
c16260919188942.jpg,3
c230612373888271.jpg,3
c506455170618590.jpg,3
c34508672795004.jpg,3
c604173432526483.jpg,3
c40249914566851.jpg,3
c52084498559144.jpg,2
c806367933055434.jpg,2
c668932737919463.jpg,3
c703021179585603.jpg,3
c292329380894878.jpg,3
c743089301153598.jpg,3
c237742066762175.jpg,3
c267835248260671.jpg,3
c632576154517743.jpg,3
c41913779514210.jpg,3
c716182254499151.jpg,3
c45512566562617.jpg,1
c644269201860986.jpg,3
c464611583336889.jpg,3
c4185553874263.jpg,1
c334305319592762.jpg,2
c361426745374369.jpg,3
c615799068187012.jpg,3
c10872294655687.jpg,2
c118276549360782.jpg,3
c344149266163538.jpg,3
c27430599939809.jpg,3
c712056172954246.jpg,3
c688295816590673.jpg,3
c257653185756615.jpg,3
c87459478956137.jpg,3
c603427403925047.jpg,3
c839061817159597.jpg,3
